{
  "n_samples": 505,
  "prevalence": 0.15643564356435644,
  "n_bins_individual": 4,
  "n_bins_compound": 8,
  "bias_correction": "miller_madow",
  "units": "nats",
  "mi": {
    "I_TOP2A_y_nats": 0.017657758212779776,
    "I_EPAS1_y_nats": 0.013045997022835536,
    "I_joint_y_nats": 0.03210981556491779,
    "I_compound_y_nats_8bin": 0.031500323620176365,
    "I_compound_y_nats_16bin_same_as_joint": 0.029549998900954975
  },
  "synergy_nats": 0.0014060603293024818,
  "synergy_bootstrap_ci_95": [
    -0.005466252521189773,
    0.027126702378439067
  ],
  "synergy_bootstrap_p_positive": 0.842,
  "compactness_ratio_8bin": 0.9810185161758656,
  "compactness_ratio_8bin_ci_95": [
    0.4439458855166331,
    1.8721744403652383
  ],
  "compactness_ratio_same_binning_16bin": 0.920279309646375,
  "compactness_ratio_same_binning_ci_95": [
    0.49825287804370655,
    2.1825951504860814
  ],
  "predictions": {
    "p1_joint_gt_1p25x_max_individual": {
      "pass": true,
      "joint_nats": 0.03210981556491779,
      "max_individual_nats": 0.017657758212779776,
      "ratio": 1.8184536891935899,
      "threshold_ratio": 1.25
    },
    "p2_synergy_positive": {
      "pass": true,
      "synergy_nats": 0.0014060603293024818,
      "bootstrap_ci_95": [
        -0.005466252521189773,
        0.027126702378439067
      ],
      "bootstrap_p_positive": 0.842,
      "honest_caveat": "Synergy point estimate is positive but small relative to sampling noise; bootstrap 95% CI may include zero. P(syn>0) in the bootstrap distribution quantifies confidence."
    },
    "p3_compactness_ge_0p70": {
      "pass": true,
      "compactness_8bin": 0.9810185161758656,
      "compactness_8bin_ci_95": [
        0.4439458855166331,
        1.8721744403652383
      ],
      "compactness_same_binning_16bin": 0.920279309646375,
      "compactness_same_binning_ci_95": [
        0.49825287804370655,
        2.1825951504860814
      ],
      "threshold": 0.7
    }
  }
}