{
  "task": "TCGA-KIRC metastasis M0 vs M1",
  "n": 505,
  "laws": {
    "TOP2A - EPAS1": {
      "n_folds": 5,
      "auroc_raw_per_fold": [
        0.6410852713178294,
        0.6588235294117648,
        0.6794117647058824,
        0.8007352941176471,
        0.8316176470588236
      ],
      "auroc_sign_invariant_per_fold": [
        0.6410852713178294,
        0.6588235294117648,
        0.6794117647058824,
        0.8007352941176471,
        0.8316176470588236
      ],
      "auroc_sign_invariant_mean": 0.7223347013223894,
      "auroc_sign_invariant_std": 0.07818814807986145,
      "permutation_null_mean_auroc_sign_inv": 0.5085444140446876
    },
    "MKI67 - EPAS1": {
      "n_folds": 5,
      "auroc_raw_per_fold": [
        0.6612403100775194,
        0.6242647058823529,
        0.6580882352941176,
        0.774264705882353,
        0.8198529411764706
      ],
      "auroc_sign_invariant_per_fold": [
        0.6612403100775194,
        0.6242647058823529,
        0.6580882352941176,
        0.774264705882353,
        0.8198529411764706
      ],
      "auroc_sign_invariant_mean": 0.7075421796625627,
      "auroc_sign_invariant_std": 0.07561784979337303,
      "permutation_null_mean_auroc_sign_inv": 0.5059247378020976
    },
    "CUBN": {
      "n_folds": 5,
      "auroc_raw_per_fold": [
        0.43255813953488376,
        0.42573529411764705,
        0.3764705882352941,
        0.3205882352941177,
        0.33382352941176474
      ],
      "auroc_sign_invariant_per_fold": [
        0.5674418604651162,
        0.5742647058823529,
        0.6235294117647059,
        0.6794117647058824,
        0.6661764705882353
      ],
      "auroc_sign_invariant_mean": 0.6221648426812585,
      "auroc_sign_invariant_std": 0.04583693578126953,
      "permutation_null_mean_auroc_sign_inv": 0.5042579343365252
    },
    "MKI67": {
      "n_folds": 5,
      "auroc_raw_per_fold": [
        0.6333333333333333,
        0.5610294117647059,
        0.5294117647058824,
        0.7647058823529412,
        0.7419117647058824
      ],
      "auroc_sign_invariant_per_fold": [
        0.6333333333333333,
        0.5610294117647059,
        0.5294117647058824,
        0.7647058823529412,
        0.7419117647058824
      ],
      "auroc_sign_invariant_mean": 0.6460784313725491,
      "auroc_sign_invariant_std": 0.09408866485956612,
      "permutation_null_mean_auroc_sign_inv": 0.508280779753762
    },
    "TOP2A": {
      "n_folds": 5,
      "auroc_raw_per_fold": [
        0.5689922480620155,
        0.5919117647058824,
        0.5397058823529413,
        0.7794117647058824,
        0.7455882352941177
      ],
      "auroc_sign_invariant_per_fold": [
        0.5689922480620155,
        0.5919117647058824,
        0.5397058823529413,
        0.7794117647058824,
        0.7455882352941177
      ],
      "auroc_sign_invariant_mean": 0.6451219790241678,
      "auroc_sign_invariant_std": 0.09784358074897404,
      "permutation_null_mean_auroc_sign_inv": 0.5097056087551299
    },
    "EPAS1": {
      "n_folds": 5,
      "auroc_raw_per_fold": [
        0.6108527131782945,
        0.6419117647058824,
        0.6573529411764707,
        0.6911764705882353,
        0.6794117647058824
      ],
      "auroc_sign_invariant_per_fold": [
        0.6108527131782945,
        0.6419117647058824,
        0.6573529411764707,
        0.6911764705882353,
        0.6794117647058824
      ],
      "auroc_sign_invariant_mean": 0.656141130870953,
      "auroc_sign_invariant_std": 0.028368932129939815,
      "permutation_null_mean_auroc_sign_inv": 0.5074167578659371
    }
  }
}