{
  "claude-opus-4-6": {
    "n": 199,
    "correct": 104,
    "accuracy_pct": 52.26130653266332,
    "parse_failures": 4,
    "api_errors": 0,
    "total_cost_usd": 4.76439,
    "avg_latency_sec": 8.228793969849246
  },
  "claude-opus-4-7": {
    "n": 199,
    "correct": 83,
    "accuracy_pct": 41.70854271356784,
    "parse_failures": 25,
    "api_errors": 0,
    "total_cost_usd": 0.67083,
    "avg_latency_sec": 2.17964824120603
  }
}